{
    "name": "testrun1",
    "initial_population": 10,
    "growth_rate": 0.2,
    "time_steps": 50,
    "decay_interval": 10,
    "decay_percent": 0.3,
    "time_data": [
        1,
        2,
        3,
        4,
        5,
        6,
        7,
        8,
        9,
        10,
        11,
        12,
        13,
        14,
        15,
        16,
        17,
        18,
        19,
        20,
        21,
        22,
        23,
        24,
        25,
        26,
        27,
        28,
        29,
        30,
        31,
        32,
        33,
        34,
        35,
        36,
        37,
        38,
        39,
        40,
        41,
        42,
        43,
        44,
        45,
        46,
        47,
        48,
        49,
        50
    ],
    "population_data": [
        12.0,
        14.399999999999999,
        17.279999999999998,
        20.735999999999997,
        24.883199999999995,
        29.85983999999999,
        35.83180799999999,
        42.99816959999998,
        51.59780351999998,
        43.34215495679997,
        52.010585948159964,
        62.41270313779195,
        74.89524376535034,
        89.8742925184204,
        107.84915102210448,
        129.41898122652537,
        155.30277747183044,
        186.3633329661965,
        223.63599955943582,
        187.85423962992607,
        225.4250875559113,
        270.51010506709355,
        324.61212608051227,
        389.5345512966147,
        467.4414615559376,
        560.9297538671251,
        673.1157046405501,
        807.7388455686602,
        969.2866146823922,
        814.2007563332093,
        977.040907599851,
        1172.449089119821,
        1406.9389069437852,
        1688.3266883325423,
        2025.9920259990506,
        2431.1904311988606,
        2917.4285174386328,
        3500.914220926359,
        4201.09706511163,
        3528.9215346937694,
        4234.7058416325235,
        5081.647009959028,
        6097.976411950834,
        7317.571694341,
        8781.0860332092,
        10537.303239851039,
        12644.763887821246,
        15173.716665385495,
        18208.459998462593,
        15295.106398708576
    ]
}
